{
  "performance": {
    "random_forest": {
      "mse": 0.0004893027020922404,
      "rmse": 0.022120187659516826,
      "r2": 0.9811958774074324,
      "training_time": 2.6017580032348633
    },
    "gradient_boosting": {
      "mse": 0.0004035804623077569,
      "rmse": 0.020089312141229648,
      "r2": 0.9844902215811399,
      "training_time": 2.34533429145813
    }
  },
  "feature_importance": {
    "random_forest": {
      "expertise_score": 0.15007960007563595,
      "authority_score": 0.5718224528416163,
      "trust_score": 0.05506984625943192,
      "structural_score": 0.009185043520596452,
      "semantic_coherence_score": 0.05494530023247781,
      "citation_score": 0.1528630241645439,
      "external_links_score": 0.005354086100914593,
      "ymyl_status": 0.0006806468047832025
    },
    "gradient_boosting": {
      "expertise_score": 0.2658736929266379,
      "authority_score": 0.4243308142082307,
      "trust_score": 0.10804992610700595,
      "structural_score": 0.010887539332276335,
      "semantic_coherence_score": 0.06977681468982432,
      "citation_score": 0.1151807041210142,
      "external_links_score": 0.00496773256500501,
      "ymyl_status": 0.0009327760500056494
    }
  },
  "best_model": "gradient_boosting",
  "best_score": 0.9844902215811399
}