{
  "initial_weights": {
    "keyword_density": 0.1,
    "content_length": 0.13,
    "readability_score": 0.13,
    "meta_tags_score": 0.07,
    "header_structure_score": 0.1,
    "multimedia_score": 0.06,
    "internal_linking_score": 0.06,
    "topic_relevance": 0.15,
    "semantic_depth": 0.13,
    "engagement_potential": 0.07
  },
  "optimized_weights": {
    "keyword_density": 0.02957619737615469,
    "content_length": 0.028457581989272084,
    "readability_score": 0.1590332580292137,
    "meta_tags_score": 0.0856332927849612,
    "header_structure_score": 0.12233327540708744,
    "multimedia_score": 0.07339996524425245,
    "internal_linking_score": 0.07339996524425245,
    "topic_relevance": 0.18349991311063113,
    "semantic_depth": 0.1590332580292137,
    "engagement_potential": 0.0856332927849612
  },
  "initial_error": 5.3771651785714285,
  "final_error": 4.085046865597761,
  "improvement": 1.2921183129736677,
  "optimization_history": [
    {
      "iteration": 1,
      "weights": {
        "keyword_density": 0.08163265306122448,
        "content_length": 0.1326530612244898,
        "readability_score": 0.1326530612244898,
        "meta_tags_score": 0.07142857142857144,
        "header_structure_score": 0.10204081632653061,
        "multimedia_score": 0.061224489795918366,
        "internal_linking_score": 0.061224489795918366,
        "topic_relevance": 0.15306122448979592,
        "semantic_depth": 0.1326530612244898,
        "engagement_potential": 0.07142857142857144
      },
      "error": 5.1048287172011655
    },
    {
      "iteration": 2,
      "weights": {
        "keyword_density": 0.06289046230737191,
        "content_length": 0.13536026655560185,
        "readability_score": 0.13536026655560185,
        "meta_tags_score": 0.07288629737609331,
        "header_structure_score": 0.10412328196584757,
        "multimedia_score": 0.06247396917950854,
        "internal_linking_score": 0.06247396917950854,
        "topic_relevance": 0.15618492294877134,
        "semantic_depth": 0.13536026655560185,
        "engagement_potential": 0.07288629737609331
      },
      "error": 4.826934368864161
    },
    {
      "iteration": 3,
      "weights": {
        "keyword_density": 0.04376577786466521,
        "content_length": 0.13812272097510392,
        "readability_score": 0.13812272097510392,
        "meta_tags_score": 0.07437377283274826,
        "header_structure_score": 0.10624824690392608,
        "multimedia_score": 0.06374894814235564,
        "internal_linking_score": 0.06374894814235564,
        "topic_relevance": 0.1593723703558891,
        "semantic_depth": 0.13812272097510392,
        "engagement_potential": 0.07437377283274826
      },
      "error": 4.714047272349469
    },
    {
      "iteration": 4,
      "weights": {
        "keyword_density": 0.04465895700476042,
        "content_length": 0.12053338875010604,
        "readability_score": 0.14094155201541217,
        "meta_tags_score": 0.07589160493137578,
        "header_structure_score": 0.10841657847339396,
        "multimedia_score": 0.06504994708403637,
        "internal_linking_score": 0.06504994708403637,
        "topic_relevance": 0.16262486771009094,
        "semantic_depth": 0.14094155201541217,
        "engagement_potential": 0.07589160493137578
      },
      "error": 4.626214417849315
    },
    {
      "iteration": 5,
      "weights": {
        "keyword_density": 0.04557036429057185,
        "content_length": 0.10258509056133268,
        "readability_score": 0.14381791021980833,
        "meta_tags_score": 0.0774404131952814,
        "header_structure_score": 0.11062916170754485,
        "multimedia_score": 0.0663774970245269,
        "internal_linking_score": 0.0663774970245269,
        "topic_relevance": 0.16594374256131728,
        "semantic_depth": 0.14381791021980833,
        "engagement_potential": 0.0774404131952814
      },
      "error": 4.53658905611446
    },
    {
      "iteration": 6,
      "weights": {
        "keyword_density": 0.046500371725073326,
        "content_length": 0.08427050057278845,
        "readability_score": 0.14675296961204934,
        "meta_tags_score": 0.07902082979110348,
        "header_structure_score": 0.1128868997015764,
        "multimedia_score": 0.06773213982094582,
        "internal_linking_score": 0.06773213982094582,
        "topic_relevance": 0.1693303495523646,
        "semantic_depth": 0.14675296961204934,
        "engagement_potential": 0.07902082979110348
      },
      "error": 4.4451346053646095
    },
    {
      "iteration": 7,
      "weights": {
        "keyword_density": 0.04744935890313605,
        "content_length": 0.06558214344162087,
        "readability_score": 0.14974792817556054,
        "meta_tags_score": 0.08063349978684028,
        "header_structure_score": 0.1151907139812004,
        "multimedia_score": 0.06911442838872023,
        "internal_linking_score": 0.06911442838872023,
        "topic_relevance": 0.1727860709718006,
        "semantic_depth": 0.14974792817556054,
        "engagement_potential": 0.08063349978684028
      },
      "error": 4.3525574853955575
    },
    {
      "iteration": 8,
      "weights": {
        "keyword_density": 0.048417713166465357,
        "content_length": 0.04651239126696007,
        "readability_score": 0.15280400834240873,
        "meta_tags_score": 0.08227908141514315,
        "header_structure_score": 0.11754154487877592,
        "multimedia_score": 0.07052492692726554,
        "internal_linking_score": 0.07052492692726554,
        "topic_relevance": 0.17631231731816388,
        "semantic_depth": 0.15280400834240873,
        "engagement_potential": 0.08227908141514315
      },
      "error": 4.277755451569812
    },
    {
      "iteration": 9,
      "weights": {
        "keyword_density": 0.028997666496393217,
        "content_length": 0.04746162374179599,
        "readability_score": 0.15592245749225378,
        "meta_tags_score": 0.08395824634198279,
        "header_structure_score": 0.11994035191711828,
        "multimedia_score": 0.07196421115027096,
        "internal_linking_score": 0.07196421115027096,
        "topic_relevance": 0.1799105278756774,
        "semantic_depth": 0.15592245749225378,
        "engagement_potential": 0.08395824634198279
      },
      "error": 4.1815360468506615
    },
    {
      "iteration": 10,
      "weights": {
        "keyword_density": 0.02929057221857901,
        "content_length": 0.03784002398161211,
        "readability_score": 0.15749743181035739,
        "meta_tags_score": 0.08480630943634626,
        "header_structure_score": 0.12115187062335182,
        "multimedia_score": 0.07269112237401108,
        "internal_linking_score": 0.07269112237401108,
        "topic_relevance": 0.18172780593502771,
        "semantic_depth": 0.15749743181035739,
        "engagement_potential": 0.08480630943634626
      },
      "error": 4.13268431860817
    },
    {
      "iteration": 11,
      "weights": {
        "keyword_density": 0.0294377610236975,
        "content_length": 0.03300504922775087,
        "readability_score": 0.15828887619131396,
        "meta_tags_score": 0.08523247179532288,
        "header_structure_score": 0.12176067399331841,
        "multimedia_score": 0.07305640439599104,
        "internal_linking_score": 0.07305640439599104,
        "topic_relevance": 0.1826410109899776,
        "semantic_depth": 0.15828887619131396,
        "engagement_potential": 0.08523247179532288
      },
      "error": 4.10813571145114
    },
    {
      "iteration": 12,
      "weights": {
        "keyword_density": 0.029511539873380947,
        "content_length": 0.0305815029852139,
        "readability_score": 0.15868559016673076,
        "meta_tags_score": 0.085446087012855,
        "header_structure_score": 0.12206583858979288,
        "multimedia_score": 0.07323950315387572,
        "internal_linking_score": 0.07323950315387572,
        "topic_relevance": 0.1830987578846893,
        "semantic_depth": 0.15868559016673076,